name,url
(EXperimental ACTions) Biomedical Protocol Ontology (EXACT2),"<a href=""http://www.ncbi.nlm.nih.gov/pmc/articles/PMC4255744"">http://www.ncbi.nlm.nih.gov/pmc/articles/PMC4255744</a>"
(Microbial) Typing Ontology (TypOn),"<a href=""http://www.phyloviz.net/typon"">http://www.phyloviz.net/typon</a>"
ACGT Master Ontology (ACGT MO),"<a href=""http://bioportal.bioontology.org/ontologies/ACGT-MO"">http://bioportal.bioontology.org/ontologies/ACGT-MO</a>"
AFO Foundational Ontology,"<a href=""http://esw.w3.org/topic/HCLS/AFO_Foundational_Ontology"">http://esw.w3.org/topic/HCLS/AFO_Foundational_Ontology</a>"
ARIES (Arkansas Imaging Enterprise System) Knowledge Graph,"<a href=""https://www.ncbi.nlm.nih.gov/pmc/articles/PMC8866818/"">https://www.ncbi.nlm.nih.gov/pmc/articles/PMC8866818/</a>"
Actionable Intelligence Retrieval System (AIRS),"<a href=""http://ncor.buffalo.edu/ontologies/AIRS_Ontologies.pdf"">http://ncor.buffalo.edu/ontologies/AIRS_Ontologies.pdf</a>"
Addiction Ontology (AO),"<a href=""https://www.taylorfrancis.com/chapters/edit/10.4324/9781003032762-46/addiction-ontology-unify-competing-conceptualizations-addiction-robert-kelly-janna-hastings-robert-west"">https://www.taylorfrancis.com/chapters/edit/10.4324/9781003032762-46/addiction-ontology-unify-competing-conceptualizations-addiction-robert-kelly-janna-hastings-robert-west</a>"
Additive Manufacturing Ontology (AMO),"<a href=""https://www.sciencedirect.com/science/article/pii/S0166361518301647"">https://www.sciencedirect.com/science/article/pii/S0166361518301647</a>"
Adolescent Depression Ontology (ADO),"<a href=""https://www.jmir.org/article/viewFile/jmir_v19i7e259/2"">https://www.jmir.org/article/viewFile/jmir_v19i7e259/2</a>"
Adverse Event Reporting Ontology (AERO),"<a href=""http://purl.obolibrary.org/obo/aero"">http://purl.obolibrary.org/obo/aero</a>"
African Wildlife Ontology (AWO),"<a href=""https://arxiv.org/pdf/1905.09519.pdf"">https://arxiv.org/pdf/1905.09519.pdf</a>"
Agronomic Linked Data (AgroLD),"<a href=""https://www.biorxiv.org/content/10.1101/325423v3.full.pdf"">https://www.biorxiv.org/content/10.1101/325423v3.full.pdf</a>"
Agronomy Ontology (AGRO),"<a href=""https://bigdata.cgiar.org/resources/agronomy-ontology/"">https://bigdata.cgiar.org/resources/agronomy-ontology/</a>"
"Air Force Research Laboratory, Rome, New York","<a href=""http://www.wpafb.af.mil/afrl"">http://www.wpafb.af.mil/afrl</a>"
Algorithm-Implementation-Execution Ontology Design Pattern,"<a href=""http://ontologydesignpatterns.org/wiki/images/4/41/WOP2016_paper_07.pdf"">http://ontologydesignpatterns.org/wiki/images/4/41/WOP2016_paper_07.pdf</a>"
Allotrope Foundation: Rethinking Scientific Data,"<a href=""https://www.allotrope.org/"">https://www.allotrope.org/</a>"
Alzheimer Disease Ontology (ADO),"<a href=""http://www.sciencedirect.com/science/article/pii/S155252601300085X"">http://www.sciencedirect.com/science/article/pii/S155252601300085X</a>"
Alzheimer's Disease Diagnosis Ontology (ADDO),"<a href=""https://ma.x-mol.com/paper/1366901247607140352"">https://ma.x-mol.com/paper/1366901247607140352</a>"
Anatomy of the Insect Skeleto-Muscular system ontology (AISM),"<a href=""https://www.preprints.org/manuscript/202201.0254/v1"">https://www.preprints.org/manuscript/202201.0254/v1</a>"
Animals in Context Ontology (ACO),"<a href=""http://ceur-ws.org/Vol-897/session1-paper04.pdf"">http://ceur-ws.org/Vol-897/session1-paper04.pdf</a>"
Antimicrobial-Microorganism Ontology,"<a href=""https://www.sciencedirect.com/science/article/pii/S1532046411001675"">https://www.sciencedirect.com/science/article/pii/S1532046411001675</a>"
Apollo Structured Vocabulary (Apollo-SV),"<a href=""http://jbiomedsem.biomedcentral.com/articles/10.1186/s13326-016-0092-y"">http://jbiomedsem.biomedcentral.com/articles/10.1186/s13326-016-0092-y</a>"
Asset Management Ontology (AMODO),"<a href=""https://www.sciencedirect.com/science/article/abs/pii/S2452414X21000947"">https://www.sciencedirect.com/science/article/abs/pii/S2452414X21000947</a>"
AstraZeneca,"<a href=""http://www.astrazeneca.com/"">http://www.astrazeneca.com/</a>"
Autism-DSM-ADI-R Ontology (ADAR),"<a href=""http://www.ncbi.nlm.nih.gov/pubmed/26151311"">http://www.ncbi.nlm.nih.gov/pubmed/26151311</a>"
Autodesk,"<a href=""https://www.autodesk.com/"">https://www.autodesk.com/</a>"
BIRNLex,"<a href=""https://bioportal.bioontology.org/ontologies/BIRNLEX"">https://bioportal.bioontology.org/ontologies/BIRNLEX</a>"
Bacterial Clinical Infectious Diseases Ontology (BCIDO),"<a href=""http://www.sciencedirect.com/science/article/pii/S1532046415001549"">http://www.sciencedirect.com/science/article/pii/S1532046415001549</a>"
Bank Ontology,"<a href=""http://world-comp.org/p2011/IKE5165.pdf"">http://world-comp.org/p2011/IKE5165.pdf</a>"
Battle Management Ontology (BMO),"<a href=""http://link.springer.com/article/10.1007/s10489-016-0834-7"">http://link.springer.com/article/10.1007/s10489-016-0834-7</a>"
Behavior Change Intervention Ontology (BCIO),"<a href=""https://wellcomeopenresearch.org/articles/5-123"">https://wellcomeopenresearch.org/articles/5-123</a>"
Behavior Perspective Model (BPM),"<a href=""https://books.google.com/books?hl=en&lr=lang_en&id=u8xmCgAAQBAJ&oi=fnd&pg=PA366&ots=p35Xg1rqn0&sig=6VibTWt8Y6mpTSyPFFc68xHePDw#v=onepage&q&f=false"">https://books.google.com/books?hl=en&lr=lang_en&id=u8xmCgAAQBAJ&oi=fnd&pg=PA366&ots=p35Xg1rqn0&sig=6VibTWt8Y6mpTSyPFFc68xHePDw#v=onepage&q&f=false</a>"
"Bentley Software, Inc.","<a href=""nan"">nan</a>"
Berkeley Bioinformatics Open-Source Projects (BBOP),"<a href=""http://berkeleybop.org/"">http://berkeleybop.org/</a>"
Beta Cell Genomics Application Ontology (BCGO),"<a href=""http://obofoundry.org/ontology/bcgo.html"">http://obofoundry.org/ontology/bcgo.html</a>"
Bio-Knowledge Network Ontology (BioKNO),"<a href=""https://www.degruyter.com/view/journals/jib/15/3/article-20180023.xml"">https://www.degruyter.com/view/journals/jib/15/3/article-20180023.xml</a>"
BioAssay Ontology,"<a href=""http://www.bioassayontology.org/"">http://www.bioassayontology.org/</a>"
BioTop,"<a href=""http://ebooks.iospress.nl/publication/46379"">http://ebooks.iospress.nl/publication/46379</a>"
BioTopLite2,"<a href=""http://purl.org/biotop/btl2.owl"">http://purl.org/biotop/btl2.owl</a>"
Bioinformatics Web Service Ontology (OBIWS),"<a href=""http://code.google.com/p/obi-webservice"">http://code.google.com/p/obi-webservice</a>"
Biological Collections Ontology (BCO),"<a href=""http://obofoundry.org/ontology/bco.html"">http://obofoundry.org/ontology/bco.html</a>"
Biomedical Ethics Ontology,"<a href=""http://www.ncbi.nlm.nih.gov/pmc/articles/PMC2725426/"">http://www.ncbi.nlm.nih.gov/pmc/articles/PMC2725426/</a>"
"Biomedical Grid Terminology (BiomedGT, retired)","<a href=""https://wiki.nci.nih.gov/pages/viewpage.action?pageId=63996208"">https://wiki.nci.nih.gov/pages/viewpage.action?pageId=63996208</a>"
Biomedical Knowledge Engineering Lab at Seoul National University (SNU BiKE),"<a href=""http://bike.snu.ac.kr/"">http://bike.snu.ac.kr/</a>"
Biomedical Study - Lifecycle Management (BMS-LM) core ontology,"<a href=""https://doi.org/10.1016/j.jbi.2022.104007"">https://doi.org/10.1016/j.jbi.2022.104007</a>"
Biomimetic Ontology,"<a href=""http://link.springer.com/chapter/10.1007/978-3-319-31782-3_13"">http://link.springer.com/chapter/10.1007/978-3-319-31782-3_13</a>"
Blood Ontology (BLO),"<a href=""http://mba.eci.ufmg.br/BLO"">http://mba.eci.ufmg.br/BLO</a>"
Body Fluids Ontology (BFLO),"<a href=""http://ontology.buffalo.edu/smith/articles/BFLO_ICBO_2011.pdf"">http://ontology.buffalo.edu/smith/articles/BFLO_ICBO_2011.pdf</a>"
Bone Dysplasia Ontology (BDO),"<a href=""http://www.ncbi.nlm.nih.gov/pmc/articles/PMC3338382/"">http://www.ncbi.nlm.nih.gov/pmc/articles/PMC3338382/</a>"
Brain Operation Database (BODB),"<a href=""http://neuroinformatics.usc.edu/resources/brain-operation-database-bodb"">http://neuroinformatics.usc.edu/resources/brain-operation-database-bodb</a>"
CHRONIOUS Ontology Suite,"<a href=""http://ceur-ws.org/Vol-833/paper22.pdf"">http://ceur-ws.org/Vol-833/paper22.pdf</a>"
"CICCONETO et al., 2020; CICCONETO, 2021) spatial relations ontology","<a href=""nan"">nan</a>"
CIDO-COVID-19,"<a href=""https://ieeexplore.ieee.org/abstract/document/9629555"">https://ieeexplore.ieee.org/abstract/document/9629555</a>"
CPR Ontology for the Institute of Medicine's (IOM) Computer-Based Patient Record Ontology,"<a href=""http://code.google.com/p/cpr-ontology"">http://code.google.com/p/cpr-ontology</a>"
CTSAconnect,"<a href=""http://www.ctsaconnect.org/"">http://www.ctsaconnect.org/</a>"
CUBRC,"<a href=""http://www.cubrc.org/index.php/data-science-and-information-fusion/ontology/'94"">http://www.cubrc.org/index.php/data-science-and-information-fusion/ontology/'94</a>"
Cancer Cell Ontology (OncoCL),"<a href=""http://ceur-ws.org/Vol-1060/icbo2013_submission_75.pdf"">http://ceur-ws.org/Vol-1060/icbo2013_submission_75.pdf</a>"
Cancer Chemoprevention Ontology (CanCo),"<a href=""http://bioportal.bioontology.org/ontologies/CANCO"">http://bioportal.bioontology.org/ontologies/CANCO</a>"
Cardiovascular Disease Ontology (CVDO),"<a href=""https://www.ebi.ac.uk/ols/ontologies/cvdo"">https://www.ebi.ac.uk/ols/ontologies/cvdo</a>"
Case Based Reasoning (CBR) Ontology,"<a href=""https://doi.org/10.1109/ISSE51541.2021.9582535"">https://doi.org/10.1109/ISSE51541.2021.9582535</a>"
Categorical Temporal Phenomenology,"<a href=""http://www.roentgensemiotics.net/phenomenology.htm"">http://www.roentgensemiotics.net/phenomenology.htm</a>"
Cell Behavior Ontology (CBO),"<a href=""http://cbo.biocomplexity.indiana.edu/"">http://cbo.biocomplexity.indiana.edu/</a>"
Cell Culture Ontology (CCONT),"<a href=""https://bioportal.bioontology.org/ontologies/CCONT"">https://bioportal.bioontology.org/ontologies/CCONT</a>"
Cell Cycle Ontology,"<a href=""http://genomebiology.com/2009/10/5/R58"">http://genomebiology.com/2009/10/5/R58</a>"
"Cell Expression, Localization, Development and Anatomy Ontology (CELDA)","<a href=""http://nar.oxfordjournals.org.gate.lib.buffalo.edu/content/early/2013/12/03/nar.gkt1264.full.pdf"">http://nar.oxfordjournals.org.gate.lib.buffalo.edu/content/early/2013/12/03/nar.gkt1264.full.pdf</a>"
Cell Line Ontology (CLO),"<a href=""http://obofoundry.org/ontology/clo.html"">http://obofoundry.org/ontology/clo.html</a>"
Cell Ontology,"<a href=""http://obofoundry.org/ontology/cl.html"">http://obofoundry.org/ontology/cl.html</a>"
Cellular Microscopy Phenotype Ontology (CMPO),"<a href=""http://jbiomedsem.biomedcentral.com/articles/10.1186/s13326-016-0074-0"">http://jbiomedsem.biomedcentral.com/articles/10.1186/s13326-016-0074-0</a>"
Center for e-Design,"<a href=""http://www.edesign.ecs.umass.edu/"">http://www.edesign.ecs.umass.edu/</a>"
Chemical Analysis Ontology (CAO),"<a href=""http://champ-project.org/"">http://champ-project.org/</a>"
Chemical Entities of Biological Interest (ChEBI),"<a href=""http://www.ebi.ac.uk/chebi"">http://www.ebi.ac.uk/chebi</a>"
Chemical Information Ontology (CHEMINF),"<a href=""http://obofoundry.org/ontology/cheminf.html"">http://obofoundry.org/ontology/cheminf.html</a>"
Chemical Methods Ontology (CHMO),"<a href=""http://obofoundry.org/ontology/chmo.html"">http://obofoundry.org/ontology/chmo.html</a>"
Cigarette Smoke Exposure Ontology (CSEO),"<a href=""http://www.jbiomedsem.com/content/pdf/2041-1480-5-31.pdf"">http://www.jbiomedsem.com/content/pdf/2041-1480-5-31.pdf</a>"
Clinical Data Integration Model (CDMO),"<a href=""https://www.ncbi.nlm.nih.gov/pubmed/24954896"">https://www.ncbi.nlm.nih.gov/pubmed/24954896</a>"
Clinical Narrative Temporal Relation Ontology (CNTRO),"<a href=""https://www.ncbi.nlm.nih.gov/pmc/articles/PMC3248753/?"">https://www.ncbi.nlm.nih.gov/pmc/articles/PMC3248753/?</a>"
Clinical Trial Protocol Ontology (CTP-O),"<a href=""https://www.sciencedirect.com/science/article/pii/S1569190X18301114"">https://www.sciencedirect.com/science/article/pii/S1569190X18301114</a>"
Clusters of Orthologous Groups (COG) Analysis Ontology (CAO),"<a href=""https://bioportal.bioontology.org/ontologies/CAO"">https://bioportal.bioontology.org/ontologies/CAO</a>"
Cognition-Guided Surgery (CGS) Ontology,"<a href=""http://archiv.ub.uni-heidelberg.de/volltextserver/22579"">http://archiv.ub.uni-heidelberg.de/volltextserver/22579</a>"
Cognitive Paradigm Ontology (COGPO),"<a href=""http://cogpo.org/"">http://cogpo.org/</a>"
Cognitive Process Ontology (CPO),"<a href=""nan"">nan</a>"
Collaborative Learning Healthcare Systems (CLHS) ontology,"<a href=""https://onlinelibrary.wiley.com/doi/full/10.1002/lrh2.10306"">https://onlinelibrary.wiley.com/doi/full/10.1002/lrh2.10306</a>"
Common Anatomy Reference Ontology (CARO),"<a href=""http://obofoundry.org/ontology/caro.html"">http://obofoundry.org/ontology/caro.html</a>"
Common Core Cyber Ontology (C3O),"<a href=""https://www-spiedigitallibrary-org.gate.lib.buffalo.edu/conference-proceedings-of-spie/10635/106350F/A-common-core-based-cyber-ontology-in-support-of-cross/10.1117/12.2307719.full?SSO=1"">https://www-spiedigitallibrary-org.gate.lib.buffalo.edu/conference-proceedings-of-spie/10635/106350F/A-common-core-based-cyber-ontology-in-support-of-cross/10.1117/12.2307719.full?SSO=1</a>"
Common Core Ontologies (CCO),"<a href=""http://www.cubrc.org/index.php/data-science-and-information-fusion/ontology"">http://www.cubrc.org/index.php/data-science-and-information-fusion/ontology</a>"
Communication Standards Ontology (CSO),"<a href=""http://www.ncbi.nlm.nih.gov/pubmed/20543345"">http://www.ncbi.nlm.nih.gov/pubmed/20543345</a>"
Comparative Data Analysis Ontology (CDAO),"<a href=""https://bioportal.bioontology.org/ontologies/CDAO"">https://bioportal.bioontology.org/ontologies/CDAO</a>"
Computational Neuroscience Ontology (CNO),"<a href=""https://bioportal.bioontology.org/ontologies/CNO"">https://bioportal.bioontology.org/ontologies/CNO</a>"
Computer Aided Engineering Modeling Language (CAEML) Ontology,"<a href=""https://www.clics-network.org/downloads/NAFEMS_2016_Towards%20Cognitive%20Computer%20Aided%20Engineering.pdf"">https://www.clics-network.org/downloads/NAFEMS_2016_Towards%20Cognitive%20Computer%20Aided%20Engineering.pdf</a>"
Computer-Based Patient Record Ontology (CPRO),"<a href=""https://code.google.com/archive/p/cpr-ontology/"">https://code.google.com/archive/p/cpr-ontology/</a>"
Conceptual Model Ontology (CMO),"<a href=""http://ceur-ws.org/Vol-833/paper25.pdf"">http://ceur-ws.org/Vol-833/paper25.pdf</a>"
Core Data Integration Model (CDIM),"<a href=""https://www.researchgate.net/publication/263323866_Clinical_Data_Integration_Model_Core_Interoperability_Ontology_for_Research_Using_Primary_Care_Data"">https://www.researchgate.net/publication/263323866_Clinical_Data_Integration_Model_Core_Interoperability_Ontology_for_Research_Using_Primary_Care_Data</a>"
Coriell Cell Line Ontology,"<a href=""http://efo.sourceforge.net/coriell.htm"">http://efo.sourceforge.net/coriell.htm</a>"
Coronavirus Infectious Disease Ontology (CIDO),"<a href=""http://www.ontobee.org/ontology/cido"">http://www.ontobee.org/ontology/cido </a>"
Crop Planning and Production Process Ontology (C3PO),"<a href=""http://ceur-ws.org/Vol-2969/paper12-IFOW.pdf"">http://ceur-ws.org/Vol-2969/paper12-IFOW.pdf</a>"
CybOnto (Cognitive Digital Twin Ontology for CyberSecurity),"<a href=""https://arxiv.org/pdf/2108.00551.pdf"">https://arxiv.org/pdf/2108.00551.pdf</a>"
Cybonto Cyber Security Ontology,"<a href=""https://arxiv.org/abs/2108.00551"">https://arxiv.org/abs/2108.00551</a>"
DOQS,"<a href=""http://www.doqs.com/"">http://www.doqs.com/</a>"
DSpace at NTNUA,"<a href=""http://dspace.lib.ntua.gr/handle/123456789/3046"">http://dspace.lib.ntua.gr/handle/123456789/3046</a>"
Dairy Cattle Performance Ontology (DCPO),"<a href=""http://ceur-ws.org/Vol-3073/paper3.pdf"">http://ceur-ws.org/Vol-3073/paper3.pdf</a>"
Darwin Core (DwC),"<a href=""http://rs.tdwg.org/dwc"">http://rs.tdwg.org/dwc</a>"
Data Integration Aggregated Model for Nuclear Deployment (DIAMOND),"<a href=""https://link.springer.com/chapter/10.1007/978-3-030-82083-1_2"">https://link.springer.com/chapter/10.1007/978-3-030-82083-1_2</a>"
Data Model for Representing Biographical Information for Prosopography (Bio-CRM),"<a href=""https://seco.cs.aalto.fi/publications/2018/tuominen-et-al-rrl-2018.pdf"">https://seco.cs.aalto.fi/publications/2018/tuominen-et-al-rrl-2018.pdf</a>"
Data Use Ontology (DUO),"<a href=""http://www.obofoundry.org/ontology/duo.html"">http://www.obofoundry.org/ontology/duo.html</a>"
Decision Ontology,"<a href=""https://doi.org/10.3390/systems6040046"">https://doi.org/10.3390/systems6040046</a>"
Diabetes Mellitus Treatment Ontology (DMTO),"<a href=""https://jbiomedsem.biomedcentral.com/articles/10.1186/s13326-018-0176-y"">https://jbiomedsem.biomedcentral.com/articles/10.1186/s13326-018-0176-y</a>"
Diabetes mellitus Diagnosis Ontology (DDO),"<a href=""http://link.springer.com/article/10.1186/s40535-016-0021-2"">http://link.springer.com/article/10.1186/s40535-016-0021-2</a>"
Digital Objects in Philosophy Ontology (DOPHO),"<a href=""https://publiscologne.th-koeln.de/frontdoor/deliver/index/docId/1363/file/MAT_Seidlmayer.pdf"">https://publiscologne.th-koeln.de/frontdoor/deliver/index/docId/1363/file/MAT_Seidlmayer.pdf</a>"
Document Act Ontology (D-Acts),"<a href=""https://code.google.com/p/d-acts"">https://code.google.com/p/d-acts</a>"
Drug Interaction Ontology (DIO),"<a href=""http://www.ncbi.nlm.nih.gov/pubmed/15360854"">http://www.ncbi.nlm.nih.gov/pubmed/15360854</a>"
Drug Ontology (DrOn),"<a href=""http://obofoundry.org/ontology/dron.html"">http://obofoundry.org/ontology/dron.html</a>"
Drug Repurposing Ontology (DRO),"<a href=""https://www.researchgate.net/profile/Werner_Ceusters/publication/335079148_Foundations_for_a_Realism-based_Drug_Repurposing_Ontology/links/5d4d7ce44585153e5948eb68/Foundations-for-a-Realism-based-Drug-Repurposing-Ontology.pdf"">https://www.researchgate.net/profile/Werner_Ceusters/publication/335079148_Foundations_for_a_Realism-based_Drug_Repurposing_Ontology/links/5d4d7ce44585153e5948eb68/Foundations-for-a-Realism-based-Drug-Repurposing-Ontology.pdf</a>"
Drug-drug Interaction Evidence Ontology (DIDEO),"<a href=""http://obofoundry.org/ontology/dideo.html"">http://obofoundry.org/ontology/dideo.html</a>"
Drug-drug Interaction Ontology (DINTO),"<a href=""http://www.obofoundry.org/ontology/dinto.html"">http://www.obofoundry.org/ontology/dinto.html</a>"
Dumontier Lab,"<a href=""http://dumontierlab.com/index.php?page=ontologies"">http://dumontierlab.com/index.php?page=ontologies</a>"
ENVOn (3D shape ontology),"<a href=""http://www.semantic-web-journal.net/system/files/swj3043.pdf"">http://www.semantic-web-journal.net/system/files/swj3043.pdf</a>"
ENanoMapper (ENM),"<a href=""https://github.com/enanomapper"">https://github.com/enanomapper</a>"
Eagle-I Research Resource Ontology (ERO),"<a href=""https://open.med.harvard.edu/wiki/display/eaglei/Ontology"">https://open.med.harvard.edu/wiki/display/eaglei/Ontology</a>"
Ecole polytechnique federale de Lausanne (EPFL),"<a href=""https://people.epfl.ch/cgi-bin/people?id=105551&lang=en&cvlang=en"">https://people.epfl.ch/cgi-bin/people?id=105551&lang=en&cvlang=en</a>"
EifcOWL (Enhanced Ontology for the Construction Industry Foundation Classes),"<a href=""https://content.iospress.com/articles/applied-ontology/ao210254"">https://content.iospress.com/articles/applied-ontology/ao210254</a>"
Electrocardiography Ontology (ECG),"<a href=""http://www.j-biomed-inform.com/article/S1532-0464(10)00118-8/abstract"">http://www.j-biomed-inform.com/article/S1532-0464(10)00118-8/abstract</a>"
Eligibility Criteria Ontology (EC-O),"<a href=""https://www.sciencedirect.com/science/article/pii/S1569190X18301114"">https://www.sciencedirect.com/science/article/pii/S1569190X18301114</a>"
Elsevier Smart Content Strategy,"<a href=""http://www.elsevier.com/wps/find/authored_newsitem.cws_home/companynews05_01849"">http://www.elsevier.com/wps/find/authored_newsitem.cws_home/companynews05_01849</a>"
Email Ontology,"<a href=""http://ncor.buffalo.edu/2013/STIDS/5-Email.pptx"">http://ncor.buffalo.edu/2013/STIDS/5-Email.pptx</a>"
Emotion Ontology (EMO),"<a href=""http://www.obofoundry.org/ontology/mfoem.html"">http://www.obofoundry.org/ontology/mfoem.html</a>"
End of Life (EoL) Domain Ontology,"<a href=""https://www.sciencedirect.com/science/article/abs/pii/S0167739X19326640"">https://www.sciencedirect.com/science/article/abs/pii/S0167739X19326640</a>"
Engineering-to-BioMimetic Ontology (E2BMO),"<a href=""https://www.mdpi.com/2411-9660/2/4/53"">https://www.mdpi.com/2411-9660/2/4/53</a>"
Environment Ontology,"<a href=""http://obofoundry.org/ontology/envo.html"">http://obofoundry.org/ontology/envo.html</a>"
Epidemiology Ontology (EPO),"<a href=""http://obofoundry.org/ontology/epo.html"">http://obofoundry.org/ontology/epo.html</a>"
Epilepsy Ontology (EPIO),"<a href=""https://www.researchsquare.com/article/rs-1259791/v1"">https://www.researchsquare.com/article/rs-1259791/v1</a>"
Epilepsy and Seizure Ontology (EPSO),"<a href=""http://www.ncbi.nlm.nih.gov/pubmed/23686934"">http://www.ncbi.nlm.nih.gov/pubmed/23686934</a>"
EuPath Ontology,"<a href=""https://bioportal.bioontology.org/ontologies/EUPATH/?p=summary"">https://bioportal.bioontology.org/ontologies/EUPATH/?p=summary</a>"
European Materials Modeling Ontology (EMMO),"<a href=""https://emmc.info/wp-content/uploads/2017/12/EMMC_IntOp2017-Cambridge_Ghedini_Bologna.pdf"">https://emmc.info/wp-content/uploads/2017/12/EMMC_IntOp2017-Cambridge_Ghedini_Bologna.pdf</a>"
Event-Based Functional Behavior Ontology (EFBO),"<a href=""http://ceur-ws.org/Vol-1660/caos-paper2.pdf"">http://ceur-ws.org/Vol-1660/caos-paper2.pdf</a>"
Event-Based Ontology for Historical Description (EOHD),"<a href=""https://www.emeraldinsight.com/doi/abs/10.1108/DLP-02-2018-0005"">https://www.emeraldinsight.com/doi/abs/10.1108/DLP-02-2018-0005</a>"
Evolution Ontology (EO),"<a href=""http://code.google.com/p/evolution-ontology"">http://code.google.com/p/evolution-ontology</a>"
Experimental Factor Ontology (EFO),"<a href=""http://www.ebi.ac.uk/efo"">http://www.ebi.ac.uk/efo</a>"
Expos√©,"<a href=""https://lirias.kuleuven.be/bitstream/123456789/273222/1/sokd10.pdf"">https://lirias.kuleuven.be/bitstream/123456789/273222/1/sokd10.pdf</a>"
Extensible Neuroimaging Archive Toolkit (XNAT),"<a href=""http://www.aifb.kit.edu/images/e/e5/Sfb-infrastructure-spie2016.pdf"">http://www.aifb.kit.edu/images/e/e5/Sfb-infrastructure-spie2016.pdf</a>"
"FASTO Ontology (incorporates BFO, FHIR, CPG,and SSN)","<a href=""https://bioportal.bioontology.org/ontologies/FASTO"">https://bioportal.bioontology.org/ontologies/FASTO</a>"
Feedback Intervention Ontology (FIO),"<a href=""https://github.com/Display-Lab"">https://github.com/Display-Lab</a>"
Financial Documents Ontology (FIN),"<a href=""http://ceur-ws.org/Vol-2969/paper57-SoLEE.pdf"">http://ceur-ws.org/Vol-2969/paper57-SoLEE.pdf</a>"
Fission Yeast Phenotype Ontology (FYPO),"<a href=""http://www.pombase.org/documentation/gene-page-phenotypes"">http://www.pombase.org/documentation/gene-page-phenotypes</a>"
"Flower-Visiting Domain Ontology (FV), Known Flower-Visiting Group Domain Ontology (KFG), Flower-Visiting Behavior Application Ontology (FVB) and Observation-Date Application Ontology (OBD)","<a href=""http://www.sciencedirect.com/science/article/pii/S157495411400082X"">http://www.sciencedirect.com/science/article/pii/S157495411400082X</a>"
Flybase Drosophila Anatomy Ontology (DAO),"<a href=""http://obofoundry.org/ontology/fbbt.html"">http://obofoundry.org/ontology/fbbt.html</a>"
Flybase Drosophila Phenotype Ontology (FYPO),"<a href=""http://obofoundry.org/ontology/fypo.html"">http://obofoundry.org/ontology/fypo.html</a>"
Food Ontology (FoodOn),"<a href=""http://obofoundry.org/ontology/foodon.html"">http://obofoundry.org/ontology/foodon.html</a>"
Food Recipe Ingredient Substitution Ontology (FRISO),"<a href=""https://doi.org/10.3390/s22031095"">https://doi.org/10.3390/s22031095</a>"
Food-Energy-Water Systems Ontology (FEWsONT),"<a href=""https://www.liebertpub.com/doi/full/10.1089/ees.2018.0551"">https://www.liebertpub.com/doi/full/10.1089/ees.2018.0551</a>"
Foundational Model of Anatomy (FMA),"<a href=""http://obofoundry.org/ontology/fma.html"">http://obofoundry.org/ontology/fma.html</a>"
Framework for Semantic Workflow Composition in the Geology Domain,"<a href=""http://ceur-ws.org/Vol-2228/abstract6.pdf"">http://ceur-ws.org/Vol-2228/abstract6.pdf</a>"
Gastrointestinal Endoscopy Ontology (GIEO),"<a href=""http://ceur-ws.org/Vol-833/paper36.pdf"">http://ceur-ws.org/Vol-833/paper36.pdf</a>"
"Gender, Sex, and Sexual Orientation (GSSO) ontology","<a href=""https://academic-oup-com.gate.lib.buffalo.edu/jamia/advance-article-abstract/doi/10.1093/jamia/ocaa061/5858296"">https://academic-oup-com.gate.lib.buffalo.edu/jamia/advance-article-abstract/doi/10.1093/jamia/ocaa061/5858296</a>"
Gene Ontology (GO),"<a href=""http://obofoundry.org/ontology/go.html"">http://obofoundry.org/ontology/go.html</a>"
Gene Regulation Ontology (GRO),"<a href=""https://ub-madoc.bib.uni-mannheim.de/35191/1/dissertation_beisswanger.pdf"">https://ub-madoc.bib.uni-mannheim.de/35191/1/dissertation_beisswanger.pdf</a>"
General Information Model (GIM),"<a href=""http://jamia.bmj.com/content/20/5/986.full"">http://jamia.bmj.com/content/20/5/986.full</a>"
Genomic Epidemiology Ontology (GenEpiO),"<a href=""http://obofoundry.org/ontology/genepio.html"">http://obofoundry.org/ontology/genepio.html</a>"
Genomic Feature and Variation Ontology (GFVO),"<a href=""https://peerj.com/articles/933/"">https://peerj.com/articles/933/</a>"
GeoCore Geology Ontology,"<a href=""https://www.lume.ufrgs.br/bitstream/handle/10183/225741/001129935.pdf"">https://www.lume.ufrgs.br/bitstream/handle/10183/225741/001129935.pdf</a>"
GeoReservoir Ontology,"<a href=""https://doi.org/10.1016/j.cageo.2021.105005"">https://doi.org/10.1016/j.cageo.2021.105005</a>"
GeoReservoir ontology for deep-marine depositional system geometry,"<a href=""https://www.sciencedirect.com/science/article/pii/S0098300421002880"">https://www.sciencedirect.com/science/article/pii/S0098300421002880</a>"
Geographical Entity Ontology (GEO),"<a href=""http://www.obofoundry.org/ontology/geo.html"">http://www.obofoundry.org/ontology/geo.html</a>"
Gestalt,"<a href=""https://ieeexplore.ieee.org/abstract/document/6956738"">https://ieeexplore.ieee.org/abstract/document/6956738</a>"
Global Electronic Health Record Ontology (G-EHR-O),"<a href=""https://www.sciencedirect.com/science/article/pii/S1569190X18301114"">https://www.sciencedirect.com/science/article/pii/S1569190X18301114</a>"
Good Ontology Design (GoodOD),"<a href=""http://portal.uni-freiburg.de/imbi/sections/mi-en/projects/goodod?set_language=en"">http://portal.uni-freiburg.de/imbi/sections/mi-en/projects/goodod?set_language=en</a>"
"Graphs, Objects, Points, Properties, Roles, and Relationships Ontology (GOPPRRE)","<a href=""https://ieeexplore.ieee.org/stamp/stamp.jsp?arnumber=9534721"">https://ieeexplore.ieee.org/stamp/stamp.jsp?arnumber=9534721</a>"
HERMES 4D Printing Ontology,"<a href=""https://www.sciencedirect.com/science/article/pii/S0264127521007486"">https://www.sciencedirect.com/science/article/pii/S0264127521007486</a>"
HIGHFLEET,"<a href=""http://www.highfleet.com/"">http://www.highfleet.com/</a>"
Health Data Ontology Trunk (HDOT),"<a href=""http://purl.org/hdot"">http://purl.org/hdot</a>"
Hemocomponents and Hemoderivatives Ontology (HEMONTO),"<a href=""http://mba.eci.ufmg.br/downloads/ontobras-2013_paper1.pdf"">http://mba.eci.ufmg.br/downloads/ontobras-2013_paper1.pdf</a>"
Host Pathogen Interactions Ontology (HPO),"<a href=""http://bioportal.bioontology.org/ontologies/HPIO?p=classes"">http://bioportal.bioontology.org/ontologies/HPIO?p=classes</a>"
Human Activity and Infrastructure Foundry (HAIF),"<a href=""https://arxiv.org/ftp/arxiv/papers/1809/1809.09548.pdf"">https://arxiv.org/ftp/arxiv/papers/1809/1809.09548.pdf</a>"
Human Disease Ontology (DOID),"<a href=""http://www.obofoundry.org/ontology/doid.html"">http://www.obofoundry.org/ontology/doid.html</a>"
Human Experience Realist Ontology (HERO),"<a href=""https://www.researchgate.net/publication/316557588_A_Human_Experience_Realist_Ontology_in_Basic_Formal_Ontology"">https://www.researchgate.net/publication/316557588_A_Human_Experience_Realist_Ontology_in_Basic_Formal_Ontology</a>"
Human Interaction Network Ontology (HINO),"<a href=""http://arxiv.org/pdf/1311.3355.pdf"">http://arxiv.org/pdf/1311.3355.pdf</a>"
Human Physiology Simulation Ontology (HuPSON),"<a href=""http://www.jbiomedsem.com/content/pdf/2041-1480-4-35.pdf"">http://www.jbiomedsem.com/content/pdf/2041-1480-4-35.pdf</a>"
INRIA Lorraine Research Unit,"<a href=""http://www.inria.fr/inria/organigramme/fiche_ur-lor.en.html"">http://www.inria.fr/inria/organigramme/fiche_ur-lor.en.html</a>"
Infectious Disease Ontology,"<a href=""http://obofoundry.org/ontology/ido.html"">http://obofoundry.org/ontology/ido.html</a>"
Influenza Research Database (IRD),"<a href=""http://www.fludb.org/brc/home.spg?decorator=influenza"">http://www.fludb.org/brc/home.spg?decorator=influenza</a>"
Information Artifact Ontology (IAO),"<a href=""http://obofoundry.org/ontology/iao.html"">http://obofoundry.org/ontology/iao.html</a>"
Information Security Domain (ISD) ontology,"<a href=""https://ieeexplore.ieee.org/abstract/document/8795392"">https://ieeexplore.ieee.org/abstract/document/8795392</a>"
Informed Consent Ontology (ICO),"<a href=""http://ceur-ws.org/Vol-2285/ICBO_2018_paper_59.pdf"">http://ceur-ws.org/Vol-2285/ICBO_2018_paper_59.pdf</a>"
Innovative Capabilities of Additive Manufacturing (ICAM) Ontology,"<a href=""http://computingengineering.asmedigitalcollection.asme.org/article.aspx?articleid=2674329"">http://computingengineering.asmedigitalcollection.asme.org/article.aspx?articleid=2674329</a>"
Institute for Defense Analysis,"<a href=""http://www.ida.org/"">http://www.ida.org/</a>"
Integrated Framework for Additively Manufactured Products (IFAMP) ontology,"<a href=""https://buffalo.app.box.com/v/integrating-ontologies"">https://buffalo.app.box.com/v/integrating-ontologies</a>"
Interaction Network Ontology (INO),"<a href=""http://www.cmpe.boun.edu.tr/~ozgur/papers/VDOS2014.pdf"">http://www.cmpe.boun.edu.tr/~ozgur/papers/VDOS2014.pdf</a>"
Interdisciplinary Prostate Ontology Project (IPOP),"<a href=""http://ipop.ontodev.com/"">http://ipop.ontodev.com/</a>"
"International Center for Food Ontology, Operability, Data and Semantics (IC-FOODS)","<a href=""http://www.ic-foods.org/"">http://www.ic-foods.org/</a>"
International Classification of Diseases Ontology (ICDO),"<a href=""nan"">nan</a>"
Interoperative Neuromonitoring Ontology (IOM),"<a href=""https://pubmed.ncbi.nlm.nih.gov/35062118/"">https://pubmed.ncbi.nlm.nih.gov/35062118/</a>"
Intervention Setting Ontology,"<a href=""https://wellcomeopenresearch.org/articles/5-124"">https://wellcomeopenresearch.org/articles/5-124</a>"
Intracranial Aneurysm (ICA) Ontology,"<a href=""http://www.sciencedirect.com/science/article/pii/S1532046415000519"">http://www.sciencedirect.com/science/article/pii/S1532046415000519</a>"
Iranian Traditional Medicine General Ontology (IrGO),"<a href=""https://jbiomedsem.biomedcentral.com/articles/10.1186/s13326-021-00237-1"">https://jbiomedsem.biomedcentral.com/articles/10.1186/s13326-021-00237-1</a>"
Japan Advanced Institute of Science and Technology (JAIST),"<a href=""http://www.jaist.ac.jp/ks/english/"">http://www.jaist.ac.jp/ks/english/</a>"
Johns Hopkins University Applied Physics Lab,"<a href=""http://www.jhuapl.edu/"">http://www.jhuapl.edu/</a>"
Knowledge Base Of Biomedicine (KaBOB),"<a href=""http://www.biomedcentral.com/content/pdf/s12859-015-0559-3.pdf"">http://www.biomedcentral.com/content/pdf/s12859-015-0559-3.pdf</a>"
Knowledge Object Reference Ontology (KORO),"<a href=""https://onlinelibrary.wiley.com/doi/full/10.1002/lrh2.10054"">https://onlinelibrary.wiley.com/doi/full/10.1002/lrh2.10054</a>"
"Kobe University, Graduate School of Medicine, Department of Sociomedical Informatics","<a href=""http://www.med.kobe-u.ac.jp/"">http://www.med.kobe-u.ac.jp/</a>"
L3 Data Tactics Corporation,"<a href=""https://www.data-tactics.com/"">https://www.data-tactics.com/</a>"
Language and Computing,"<a href=""http://www.landcglobal.com/"">http://www.landcglobal.com/</a>"
Library of Integrated Network-based Cellular Signatures,"<a href=""https://bmcbioinformatics.biomedcentral.com/articles/10.1186/s12859-017-1981-5"">https://bmcbioinformatics.biomedcentral.com/articles/10.1186/s12859-017-1981-5</a>"
Lipid Ontology,"<a href=""http://obofoundry.org/ontology/lipro.html"">http://obofoundry.org/ontology/lipro.html</a>"
Literary Theme Ontology (LTO),"<a href=""https://github.com/theme-ontology/lto"">https://github.com/theme-ontology/lto</a>"
MIRO and IRbase,"<a href=""http://www.plosntds.org/article/info:doi/10.1371/journal.pntd.0000465"">http://www.plosntds.org/article/info:doi/10.1371/journal.pntd.0000465</a>"
MOCA (Multi-attribute Ontology-based Criticality Analysis),"<a href=""https://link.springer.com/article/10.1007/s43684-022-00021-7"">https://link.springer.com/article/10.1007/s43684-022-00021-7</a>"
Machine Learning Schema (ML-Schema) ontology,"<a href=""https://openreview.net/pdf?id=B1e8MrXVxQ"">https://openreview.net/pdf?id=B1e8MrXVxQ</a>"
Maintenance Activity Reference Ontology,"<a href=""http://www.semantic-web-journal.net/system/files/swj3067.pdf"">http://www.semantic-web-journal.net/system/files/swj3067.pdf</a>"
Major histocompatibility complex (MHC) Restriction Ontology (MRO),"<a href=""http://obofoundry.org/ontology/mro.html"">http://obofoundry.org/ontology/mro.html</a>"
Malaria Ontology (IDOMAL),"<a href=""http://obofoundry.org/ontology/idomal.html"">http://obofoundry.org/ontology/idomal.html</a>"
Manufacturing Service Description Language (MSDL) ontology,"<a href=""https://link.springer.com/chapter/10.1007/978-3-319-99707-0_40"">https://link.springer.com/chapter/10.1007/978-3-319-99707-0_40</a>"
Manufacturing Supply Chain Ontology (MSCO),"<a href=""https://buffalo.box.com/s/rbapg73v4jq18dvw0rf2jnszndvnxmb0"">https://buffalo.box.com/s/rbapg73v4jq18dvw0rf2jnszndvnxmb0</a>"
"Medical University Graz - Institute of Medical Informatics, Statistics and Documentation","<a href=""http://user.medunigraz.at/stefan.schulz"">http://user.medunigraz.at/stefan.schulz</a>"
Medication Adherence Behavior Ontology (MAB-Ontology),"<a href=""https://scholarworks.iupui.edu/bitstream/handle/1805/17767/Sawesi_iupui_0104D_10326.pdf"">https://scholarworks.iupui.edu/bitstream/handle/1805/17767/Sawesi_iupui_0104D_10326.pdf</a>"
Mental Disease Ontology (MFO-MD),"<a href=""http://obofoundry.org/ontology/mfomd.html"">http://obofoundry.org/ontology/mfomd.html</a>"
Mental Functioning Ontology (MF),"<a href=""http://obofoundry.org/ontology/mf.html"">http://obofoundry.org/ontology/mf.html</a>"
Microbiology Ontology (MicrO),"<a href=""http://jbiomedsem.biomedcentral.com/articles/10.1186/s13326-016-0060-6"">http://jbiomedsem.biomedcentral.com/articles/10.1186/s13326-016-0060-6</a>"
Middle Layer Ontology for Clinical Care (MLOCC),"<a href=""http://p-medicine.eu/project/wp-4"">http://p-medicine.eu/project/wp-4</a>"
Military Ontology,"<a href=""http://basic-formal-ontology.org/publications#salmen"">http://basic-formal-ontology.org/publications#salmen</a>"
Military Scenario Ontology (MSO),"<a href=""http://link.springer.com/article/10.1007/s10489-016-0834-7"">http://link.springer.com/article/10.1007/s10489-016-0834-7</a>"
Minimum Information Model for Patient Safety (MIMPS),"<a href=""http://www.ncbi.nlm.nih.gov/pubmed/27139388"">http://www.ncbi.nlm.nih.gov/pubmed/27139388</a>"
Mission and Means Framework (MMF) Ontology,"<a href=""https://ieeexplore.ieee.org/abstract/document/8455742/"">https://ieeexplore.ieee.org/abstract/document/8455742/</a>"
Modal Relation Ontology (MRO),"<a href=""https://www.spiedigitallibrary.org/conference-proceedings-of-spie/10635/106350H/Problems-with-prescriptions--disentangling-data-about-actual-versus-prescribed/10.1117/12.2307718.short?SSO=1"">https://www.spiedigitallibrary.org/conference-proceedings-of-spie/10635/106350H/Problems-with-prescriptions--disentangling-data-about-actual-versus-prescribed/10.1117/12.2307718.short?SSO=1</a>"
Mode of Delivery (MoD) Ontology,"<a href=""https://wellcomeopenresearch.org/articles/5-125"">https://wellcomeopenresearch.org/articles/5-125</a>"
Model for Clinical Information (MCI),"<a href=""http://bmcmedinformdecismak.biomedcentral.com/articles/10.1186/s12911-016-0248-9"">http://bmcmedinformdecismak.biomedcentral.com/articles/10.1186/s12911-016-0248-9</a>"
Model for Describing Insect Anatomical Structures (MoDIAS),"<a href=""https://www.preprints.org/manuscript/202201.0254/v1"">https://www.preprints.org/manuscript/202201.0254/v1</a>"
Modular Environmental Modeling Ontology (MEMOn),"<a href=""https://ieeexplore-ieee-org.gate.lib.buffalo.edu/abstract/document/8599597"">https://ieeexplore-ieee-org.gate.lib.buffalo.edu/abstract/document/8599597</a>"
Mouse Pathology Ontology (MPATH),"<a href=""http://obofoundry.org/ontology/mpath.html"">http://obofoundry.org/ontology/mpath.html</a>"
NMR-Instrument Component of Metabolomics Investigations Ontology,"<a href=""http://bioportal.bioontology.org/ontologies/NMR?p=classes&conceptid=root"">http://bioportal.bioontology.org/ontologies/NMR?p=classes&conceptid=root</a>"
Name Reaction Ontology (RXNO),"<a href=""http://obofoundry.org/ontology/rxno.html"">http://obofoundry.org/ontology/rxno.html</a>"
Nanoparticle Ontology (NPO),"<a href=""http://www.ncbi.nlm.nih.gov/pubmed/20211274"">http://www.ncbi.nlm.nih.gov/pubmed/20211274</a>"
Nanoparticles Impact on Human Cell morphology Ontology (NIHCO),"<a href=""https://www.bjbabe.ro/wp-content/uploads/2017/10/18_RODINO.pdf"">https://www.bjbabe.ro/wp-content/uploads/2017/10/18_RODINO.pdf</a>"
National Center for Multi-Source Information Fusion,"<a href=""http://www.infofusion.buffalo.edu/"">http://www.infofusion.buffalo.edu/</a>"
Neomark Oral Cancer Ontology (NEOMARK4),"<a href=""https://bioportal.bioontology.org/ontologies/NEOMARK4"">https://bioportal.bioontology.org/ontologies/NEOMARK4</a>"
Neural Electromagnetic Ontologies (NEMO),"<a href=""http://nemo.nic.uoregon.edu/"">http://nemo.nic.uoregon.edu/</a>"
NeuroPsychological Testing Ontology (NPT),"<a href=""http://www.unbsj.ca/sase/csas/data/ws/icbo2013/papers/research/icbo2013_submission_31.pdf"">http://www.unbsj.ca/sase/csas/data/ws/icbo2013/papers/research/icbo2013_submission_31.pdf</a>"
Neuroscience Information Framework,"<a href=""http://www.neuinfo.org/"">http://www.neuinfo.org/</a>"
Neuroscience Information Framework Cell Ontology (NIFCELL),"<a href=""https://bioportal.bioontology.org/ontologies/NIFCELL"">https://bioportal.bioontology.org/ontologies/NIFCELL</a>"
Neuroscience Information Framework Dysfunction Ontology (NIFDYS),"<a href=""https://bioportal.bioontology.org/ontologies/NIFDYS"">https://bioportal.bioontology.org/ontologies/NIFDYS</a>"
Neuroscience Information Framework Standard Ontology (NIFSTD),"<a href=""http://bioportal.bioontology.org/ontologies/NIFSTD"">http://bioportal.bioontology.org/ontologies/NIFSTD</a>"
Next Generation Sequencing Ontology (NGSONTO),"<a href=""https://github.com/lindenb/ngs-ontology"">https://github.com/lindenb/ngs-ontology</a>"
Next-Generation Biobanking Ontology (NGBO),"<a href=""http://ceur-ws.org/Vol-2180/paper-02.pdf"">http://ceur-ws.org/Vol-2180/paper-02.pdf</a>"
Non-Coding RNA Ontology (NCRO),"<a href=""http://soc.southalabama.edu/~huang/papers/BIBM-15-1.pdf"">http://soc.southalabama.edu/~huang/papers/BIBM-15-1.pdf</a>"
OBDMR: An Ontology-Based Data Model for Railways,"<a href=""https://doi.org/10.1166/jctn.2020.8662"">https://doi.org/10.1166/jctn.2020.8662</a>"
OBR Scolio (scoliosis) ontology,"<a href=""https://www.sciencedirect.com/science/article/pii/S0169260719300665"">https://www.sciencedirect.com/science/article/pii/S0169260719300665</a>"
OSTHUS,"<a href=""https://www.youtube.com/watch?v=WKuK2G-NUk8"">https://www.youtube.com/watch?v=WKuK2G-NUk8</a>"
Ocular Disease Ontology (ODO),"<a href=""http://www.unbsj.ca/sase/csas/data/ws/icbo2013/papers/posters/icbo2013_submission_67.pdf"">http://www.unbsj.ca/sase/csas/data/ws/icbo2013/papers/posters/icbo2013_submission_67.pdf</a>"
Ocular Immune-Mediated Inflammatory Diseases Ontology (OcIMIDo),"<a href=""https://www.sciencedirect.com/science/article/pii/S001048252100336X"">https://www.sciencedirect.com/science/article/pii/S001048252100336X</a>"
OncoCL-KB,"<a href=""http://ceur-ws.org/Vol-1546/poster_65.pdf"">http://ceur-ws.org/Vol-1546/poster_65.pdf</a>"
OntoAlign++,"<a href=""http://ceur-ws.org/Vol-1041/ontobras-2013_paper52.pdf"">http://ceur-ws.org/Vol-1041/ontobras-2013_paper52.pdf</a>"
OntoCAT,"<a href=""http://www.ontocat.org/"">http://www.ontocat.org/</a>"
OntoCOG,"<a href=""http://ontobat.hegroup.org/"">http://ontobat.hegroup.org/</a>"
OntoDM Core,"<a href=""http://www.ontodm.com/doku.php?id=ontodm-core"">http://www.ontodm.com/doku.php?id=ontodm-core</a>"
OntoForInfoScience,"<a href=""http://www2.marilia.unesp.br/revistas/index.php/bjis/article/viewFile/5426/3970"">http://www2.marilia.unesp.br/revistas/index.php/bjis/article/viewFile/5426/3970</a>"
OntoMaton,"<a href=""http://isa-tools.org/"">http://isa-tools.org/</a>"
Ontologies for Representing Surgical Procedure Models (OntoSPM),"<a href=""https://ontospm.univ-rennes1.fr/doku.php?id=ontology"">https://ontospm.univ-rennes1.fr/doku.php?id=ontology</a>"
Ontologized Minimum Information About BIobank data Sharing (OMIABIS),"<a href=""http://obofoundry.org/ontology/omiabis.html"">http://obofoundry.org/ontology/omiabis.html</a>"
Ontology Based Clinical Decision Support System for Geriatrics,"<a href=""https://www.ingentaconnect.com/contentone/asp/jctn/2020/00000017/00000001/art00042"">https://www.ingentaconnect.com/contentone/asp/jctn/2020/00000017/00000001/art00042</a>"
Ontology Based Decision Support System for Tuberculosis Management and Control,"<a href=""https://www.researchgate.net/publication/312296048"">https://www.researchgate.net/publication/312296048</a>"
Ontology Research Group,"<a href=""http://org.buffalo.edu/"">http://org.buffalo.edu/</a>"
Ontology for Adverse Events (OAE),"<a href=""http://obofoundry.org/ontology/oae.html"">http://obofoundry.org/ontology/oae.html</a>"
Ontology for Autism Spectrum Disorder,"<a href=""http://www.sciencedirect.com/science/article/pii/S1532046415001367"">http://www.sciencedirect.com/science/article/pii/S1532046415001367</a>"
Ontology for Biobanking (OBIB),"<a href=""http://obofoundry.org/ontology/obib.html"">http://obofoundry.org/ontology/obib.html</a>"
Ontology for Biomedical Investigations (OBI),"<a href=""http://obofoundry.org/ontology/obi.html"">http://obofoundry.org/ontology/obi.html</a>"
Ontology for Cancer research variables (OCRV),"<a href=""https://bmcmedinformdecismak.biomedcentral.com/articles/10.1186/s12911-018-0636-4"">https://bmcmedinformdecismak.biomedcentral.com/articles/10.1186/s12911-018-0636-4</a>"
Ontology for Computable Eligibility Criteria - Hepatitis C Virus (OCEC-HCV),"<a href=""https://www.ncbi.nlm.nih.gov/pmc/articles/PMC6371316/"">https://www.ncbi.nlm.nih.gov/pmc/articles/PMC6371316/</a>"
Ontology for Dengue Fever (IDODEN),"<a href=""http://journals.plos.org/plosntds/article?id=10.1371/journal.pntd.0003479"">http://journals.plos.org/plosntds/article?id=10.1371/journal.pntd.0003479</a>"
Ontology for Documentation of Variable/Data Source Selection (ODVDS),"<a href=""http://ceur-ws.org/Vol-2427/SEPDA_2019_paper_15.pdf"">http://ceur-ws.org/Vol-2427/SEPDA_2019_paper_15.pdf</a>"
Ontology for Drug Discovery Investigations (DDI),"<a href=""http://purl.org/ddi/home"">http://purl.org/ddi/home</a>"
Ontology for Energy Investigations (OEI),"<a href=""https://www.researchgate.net/publication/234128482_Facilitating_Knowledge_Sharing_and_Analysis_in_Energy_Informatics_with_the_Ontology_for_Energy_Investigations_%28OEI%29"">https://www.researchgate.net/publication/234128482_Facilitating_Knowledge_Sharing_and_Analysis_in_Energy_Informatics_with_the_Ontology_for_Energy_Investigations_%28OEI%29</a>"
Ontology for Functionally Graded Materials (OFGM),"<a href=""https://www.academia.edu/27922525/Development_of_a_Manufacturing_Ontology_for_Functionally_Graded_Materials"">https://www.academia.edu/27922525/Development_of_a_Manufacturing_Ontology_for_Functionally_Graded_Materials</a>"
Ontology for General Medical Science (OGMS),"<a href=""http://obofoundry.org/ontology/ogms.html"">http://obofoundry.org/ontology/ogms.html</a>"
Ontology for Genes and Genomes - Mouse (OGG-MM),"<a href=""http://www.ontobee.org/ontology/OGG-Mm"">http://www.ontobee.org/ontology/OGG-Mm</a>"
Ontology for Genetic Interval (OGI),"<a href=""http://bioportal.bioontology.org/ontologies/OGI?p=classes&conceptid=root"">http://bioportal.bioontology.org/ontologies/OGI?p=classes&conceptid=root</a>"
Ontology for Guiding Appropriate Antibiotic Prescribing,"<a href=""http://www.sciencedirect.com/science/article/pii/S1532046411001675"">http://www.sciencedirect.com/science/article/pii/S1532046411001675</a>"
Ontology for Information Science (OntoforInforScience),"<a href=""https://www.researchgate.net/publication/299534658_OntoforInfoScience_a_detailed_methodology_for_construction_of_ontologies_and_its_application_in_the_blood_domain"">https://www.researchgate.net/publication/299534658_OntoforInfoScience_a_detailed_methodology_for_construction_of_ontologies_and_its_application_in_the_blood_domain</a>"
Ontology for Laparoscopic Surgeries (LapOntoSPM),"<a href=""http://link.springer.com/article/10.1007/s11548-015-1222-1"">http://link.springer.com/article/10.1007/s11548-015-1222-1</a>"
Ontology for MIcroRNA Target Prediction (OMIT),"<a href=""http://obofoundry.org/ontology/omit.html"">http://obofoundry.org/ontology/omit.html</a>"
Ontology for Newborn Screening and Translational Research (ONSTR),"<a href=""http://code.google.com/p/onstr"">http://code.google.com/p/onstr</a>"
Ontology for Next Generation Sequencing Experiments (NGS Ontology),"<a href=""https://github.com/lindenb/ngs-ontology"">https://github.com/lindenb/ngs-ontology</a>"
Ontology for Nutritional Epidemiology (ONE),"<a href=""https://obofoundry.org/ontology/one.html"">https://obofoundry.org/ontology/one.html</a>"
Ontology for Nutritional Studies (ONS),"<a href=""https://genesandnutrition.biomedcentral.com/articles/10.1186/s12263-018-0601-y"">https://genesandnutrition.biomedcentral.com/articles/10.1186/s12263-018-0601-y</a>"
"Ontology for Pain and Related Disability, Mental Health and Quality of Life (OPMQoL)","<a href=""http://www.referent-tracking.com/RTU/?page=projects.phtml#opmqol"">http://www.referent-tracking.com/RTU/?page=projects.phtml#opmqol</a>"
Ontology for Parasite LifeCycle (OPL),"<a href=""http://obofoundry.org/ontology/opl.html"">http://obofoundry.org/ontology/opl.html</a>"
Ontology for Periodontitis (PERIO),"<a href=""http://www.jbiomedsem.com/content/6/1/30"">http://www.jbiomedsem.com/content/6/1/30</a>"
Ontology for Stem Cell Investigations (OSCI),"<a href=""https://bmcbioinformatics.biomedcentral.com/articles/10.1186/s12859-019-2723-7"">https://bmcbioinformatics.biomedcentral.com/articles/10.1186/s12859-019-2723-7</a>"
Ontology for Thoracentesis,"<a href=""https://www.sciencedirect.com/science/article/pii/S0933365717301525"">https://www.sciencedirect.com/science/article/pii/S0933365717301525</a>"
Ontology of Arthropod Circulatory Systems (OArCS),"<a href=""http://obofoundry.org/ontology/oarcs.html"">http://obofoundry.org/ontology/oarcs.html</a>"
Ontology of Biological and Clinical Statistics (OBCS),"<a href=""http://obofoundry.org/ontology/obcs.html"">http://obofoundry.org/ontology/obcs.html</a>"
Ontology of Cancer Related Socialecological Variables (OCRSEV),"<a href=""http://ceur-ws.org/Vol-2137/ws_ONCONTO_paper_3.pdf"">http://ceur-ws.org/Vol-2137/ws_ONCONTO_paper_3.pdf</a>"
Ontology of Card Sleights,"<a href=""https://arxiv.org/abs/1903.08523"">https://arxiv.org/abs/1903.08523</a>"
Ontology of Card Sleights,"<a href=""https://arxiv.org/abs/1903.08523"">https://arxiv.org/abs/1903.08523</a>"
Ontology of Cardiovascular Drug Adverse Events (OCVDAE),"<a href=""https://www.nature.com/articles/s41598-017-12580-4"">https://www.nature.com/articles/s41598-017-12580-4</a>"
Ontology of Chinese Medicine for Rheumatism (OCMR),"<a href=""https://bioportal.bioontology.org/ontologies/OCMR"">https://bioportal.bioontology.org/ontologies/OCMR</a>"
Ontology of Clinical Research (OCRe),"<a href=""http://code.google.com/p/ontology-of-clinical-research/source/browse/trunk/Archive/OCRe-with-BFO.owl"">http://code.google.com/p/ontology-of-clinical-research/source/browse/trunk/Archive/OCRe-with-BFO.owl</a>"
Ontology of Commercial Exchange (OCE),"<a href=""https://philarchive.org/archive/MERCCC"">https://philarchive.org/archive/MERCCC</a>"
Ontology of Data Mining (OntoDM),"<a href=""http://www.ontodm.com/"">http://www.ontodm.com/</a>"
Ontology of Datatypes (OntoDT),"<a href=""http://www.ontodt.com/"">http://www.ontodt.com/</a>"
Ontology of Electronics (OOE),"<a href=""https://github.com/ontology-of-electronics"">https://github.com/ontology-of-electronics</a>"
Ontology of Experimental Variables and Values (OOEVV),"<a href=""https://bioportal.bioontology.org/ontologies/OOEVV"">https://bioportal.bioontology.org/ontologies/OOEVV</a>"
Ontology of Genes and Genomes (OGG),"<a href=""http://obofoundry.org/ontology/ogg.html"">http://obofoundry.org/ontology/ogg.html</a>"
Ontology of Genetic Disease Investigations (OGDI),"<a href=""https://bioportal.bioontology.org/ontologies/OGDI"">https://bioportal.bioontology.org/ontologies/OGDI</a>"
Ontology of Genetic Susceptibility Factor (OGSF),"<a href=""http://obofoundry.org/ontology/ogsf.html"">http://obofoundry.org/ontology/ogsf.html</a>"
Ontology of Hemotherapy (HEMONTO),"<a href=""https://1library.net/document/q5946wgz-hemocomponents-hemoderivatives-ontology-hemonto-ontology-blood-components.html"">https://1library.net/document/q5946wgz-hemocomponents-hemoderivatives-ontology-hemonto-ontology-blood-components.html</a>"
Ontology of Medical Microbiology (OntoMic),"<a href=""http://rali.iro.umontreal.ca/rali/sites/default/files/publis/Levreault-MSc.pdf"">http://rali.iro.umontreal.ca/rali/sites/default/files/publis/Levreault-MSc.pdf</a>"
Ontology of Medically Related Social Entities (OMRSE),"<a href=""http://obofoundry.org/ontology/omrse.html"">http://obofoundry.org/ontology/omrse.html</a>"
Ontology of Microbial Phenotypes (OMP),"<a href=""http://obofoundry.org/ontology/omp.html"">http://obofoundry.org/ontology/omp.html</a>"
Ontology of Organizational Structures ofTrauma systems and Trauma centers (OOSTT),"<a href=""http://ceur-ws.org/Vol-1747/IT504_ICBO2016.pdf"">http://ceur-ws.org/Vol-1747/IT504_ICBO2016.pdf</a>"
Ontology of Social Participation (OPS),"<a href=""http://arxiv.org/pdf/1501.02662.pdf"">http://arxiv.org/pdf/1501.02662.pdf</a>"
Ontology of Systems Engineering,"<a href=""https://www.sciencedirect.com/science/article/pii/S1877050919307380"">https://www.sciencedirect.com/science/article/pii/S1877050919307380</a>"
Ontology of Vaccine Adverse Events (OVAE),"<a href=""http://obofoundry.org/ontology/ovae.html"">http://obofoundry.org/ontology/ovae.html</a>"
"Ontology, Logic and Technology Unit","<a href=""http://org.buffalo.edu/rarp/OLT%20Unit.html"">http://org.buffalo.edu/rarp/OLT%20Unit.html</a>"
Ontology-Based Data Access (OBDA),"<a href=""http://www.sciencedirect.com.gate.lib.buffalo.edu/science/article/pii/S1570826815000165"">http://www.sciencedirect.com.gate.lib.buffalo.edu/science/article/pii/S1570826815000165</a>"
Ontology-Based Operational Emergency Response (POLARISC),"<a href=""https://onlinelibrary.wiley.com/doi/pdf/10.1002/9781119564034.ch52"">https://onlinelibrary.wiley.com/doi/pdf/10.1002/9781119564034.ch52</a>"
Ontology-Based eXtensible Data Model (OBX),"<a href=""http://www.ncbi.nlm.nih.gov/pubmed/20460173"">http://www.ncbi.nlm.nih.gov/pubmed/20460173</a>"
Ontology-Driven Information System (ODIS)/Ontology-Driven Scenario Generator (ODSG),"<a href=""http://www.sciencedirect.com/science/article/pii/S0952197615000913"">http://www.sciencedirect.com/science/article/pii/S0952197615000913</a>"
Open Access Journals Integrated service System Project (GoOA),"<a href=""http://bioportal.bioontology.org/projects/PDOLAS"">http://bioportal.bioontology.org/projects/PDOLAS</a>"
Open Model-Based Engineering Environment (OpenMBEE),"<a href=""https://link.springer.com/chapter/10.1007/978-3-030-82083-1_56"">https://link.springer.com/chapter/10.1007/978-3-030-82083-1_56</a>"
Open PHACTS,"<a href=""http://www.openphacts.org/"">http://www.openphacts.org/</a>"
Operational Environment Ontology (OEO),"<a href=""https://jsou.libguides.com/ld.php?content_id=37534351"">https://jsou.libguides.com/ld.php?content_id=37534351</a>"
Oral Health and Disease Ontology (OHD),"<a href=""http://obofoundry.org/ontology/ohd.html"">http://obofoundry.org/ontology/ohd.html</a>"
Organization Ontology Based on ROR,"<a href=""https://figshare.com/articles/presentation/An_Organization_Ontology_based_on_ROR/14839359"">https://figshare.com/articles/presentation/An_Organization_Ontology_based_on_ROR/14839359</a>"
PGxO Pharmacogenomics Ontology,"<a href=""https://www.biorxiv.org/content/biorxiv/early/2018/08/13/390971.full.pdf"">https://www.biorxiv.org/content/biorxiv/early/2018/08/13/390971.full.pdf</a>"
POLARISC Emergency Response System Ontology,"<a href=""http://idl.iscram.org/files/elmhadhbilinda/2018/1598_ElmhadhbiLinda_etal2018.pdf"">http://idl.iscram.org/files/elmhadhbilinda/2018/1598_ElmhadhbiLinda_etal2018.pdf</a>"
PRISM: A Platform for Imaging inPrecision Medicine,"<a href=""https://ascopubs.org/doi/pdfdirect/10.1200/CCI.20.00001"">https://ascopubs.org/doi/pdfdirect/10.1200/CCI.20.00001</a>"
PROSPECT-IDR: Personalised Prediction of Infectious Disease Risk,"<a href=""http://www.tara.tcd.ie/bitstream/handle/2262/86059/Final%20Version.pdf?sequence=1"">http://www.tara.tcd.ie/bitstream/handle/2262/86059/Final%20Version.pdf?sequence=1</a>"
Parasite Experiment Ontology (PEO),"<a href=""http://bioportal.bioontology.org/ontologies/1335"">http://bioportal.bioontology.org/ontologies/1335</a>"
Part-Focused Manufacturing Process Ontology (PMPO),"<a href=""https://www.tandfonline.com/doi/abs/10.1080/0951192X.2017.1357837"">https://www.tandfonline.com/doi/abs/10.1080/0951192X.2017.1357837</a>"
Patient Safetry Categorial Structure (PS-CAST),"<a href=""http://person.hst.aau.dk/ska/MIE2015/Papers/SHTI210-0160.pdf"">http://person.hst.aau.dk/ska/MIE2015/Papers/SHTI210-0160.pdf</a>"
Petrochemical Ontology,"<a href=""http://books.google.com/books?id=XYOBAusxPCcC&pg=PA27&lpg=PA27&dq=bfo+ontology&source=bl&ots=4nFYXvfaMy&sig=xq4BZAmY8DH0J5DMj3DE_xB4Fes&hl=en&ei=ZFpjStvADMaltgem27SyAg&sa=X&oi=book_result&ct=result&resnum=2"">http://books.google.com/books?id=XYOBAusxPCcC&pg=PA27&lpg=PA27&dq=bfo+ontology&source=bl&ots=4nFYXvfaMy&sig=xq4BZAmY8DH0J5DMj3DE_xB4Fes&hl=en&ei=ZFpjStvADMaltgem27SyAg&sa=X&oi=book_result&ct=result&resnum=2</a>"
Phenotypic Quality Ontology (PaTO),"<a href=""http://obofoundry.org/ontology/pato.html"">http://obofoundry.org/ontology/pato.html</a>"
Physics-Based Simulation Ontology (PSO-Physics and PSO-Sim),"<a href=""https://www.tandfonline.com/doi/abs/10.1080/09544828.2019.1644301?journalCode=cjen20"">https://www.tandfonline.com/doi/abs/10.1080/09544828.2019.1644301?journalCode=cjen20</a>"
Plant Experimental Assay Ontology (PEAO),"<a href=""http://bioportal.bioontology.org/ontologies/PEAO"">http://bioportal.bioontology.org/ontologies/PEAO</a>"
Plant Ontology (PO),"<a href=""http://obofoundry.org/ontology/po.html"">http://obofoundry.org/ontology/po.html</a>"
Plastic Rock Deformation (PRD) ontology,"<a href=""https://www-sciencedirect-com.gate.lib.buffalo.edu/science/article/pii/S0098300416308482"">https://www-sciencedirect-com.gate.lib.buffalo.edu/science/article/pii/S0098300416308482</a>"
Pneumonia Ontology,"<a href=""https://www.researchgate.net/profile/Sabrina_Azzi/publication/328171801_Design_of_a_Pneumonia_Ontology_for_Diagnosis_Decision_Support_System/links/5bbcb970299bf1049b785032/Design-of-a-Pneumonia-Ontology-for-Diagnosis-Decision-Support-System.pdf"">https://www.researchgate.net/profile/Sabrina_Azzi/publication/328171801_Design_of_a_Pneumonia_Ontology_for_Diagnosis_Decision_Support_System/links/5bbcb970299bf1049b785032/Design-of-a-Pneumonia-Ontology-for-Diagnosis-Decision-Support-System.pdf</a>"
Ponte Ontology Platform (PONTE),"<a href=""https://www.sciencedirect.com/science/article/pii/S1569190X18301114"">https://www.sciencedirect.com/science/article/pii/S1569190X18301114</a>"
Population Health Record (PopHR),"<a href=""http://onlinelibrary.wiley.com/doi/10.1111/nyas.13271/full"">http://onlinelibrary.wiley.com/doi/10.1111/nyas.13271/full</a>"
Population and Community Ontology (PCO),"<a href=""http://obofoundry.org/ontology/pco.html"">http://obofoundry.org/ontology/pco.html</a>"
Porifera Ontology (PORO),"<a href=""http://obofoundry.org/ontology/poro.html"">http://obofoundry.org/ontology/poro.html</a>"
Praxis,"<a href=""http://www.infor-med.com/downloads/articles_downloads/Praxis_EMR_SUNY_Interoperability_Project.pdf"">http://www.infor-med.com/downloads/articles_downloads/Praxis_EMR_SUNY_Interoperability_Project.pdf</a>"
Pre-Eclampsia Ontology (PEO),"<a href=""http://journals.plos.org/plosone/article%3Fid%3D10.1371/journal.pone.0162828"">http://journals.plos.org/plosone/article%3Fid%3D10.1371/journal.pone.0162828</a>"
PreOptique Platform for Integrated Pre-surgery Reports,"<a href=""https://jbiomedsem.biomedcentral.com/articles/10.1186/s13326-019-0197-1"">https://jbiomedsem.biomedcentral.com/articles/10.1186/s13326-019-0197-1</a>"
Precision Medicine Ontology (PMO),"<a href=""http://www.aimspress.com/fileOther/PDF/MBE/mbe-17-04-227.pdf"">http://www.aimspress.com/fileOther/PDF/MBE/mbe-17-04-227.pdf</a>"
Prescription of Drugs Ontology (PRDO),"<a href=""https://pdfs.semanticscholar.org/7100/59ad86c5c2ef7a5b1430d30a8950a88aa319.pdf"">https://pdfs.semanticscholar.org/7100/59ad86c5c2ef7a5b1430d30a8950a88aa319.pdf</a>"
Process and Observation Ontology (PO2),"<a href=""https://www.sciencedirect.com/science/article/abs/pii/S0958694619300032"">https://www.sciencedirect.com/science/article/abs/pii/S0958694619300032</a>"
Product Life Cycle Ontology for Additive Manufacturing,"<a href=""https://www.sciencedirect.com/science/article/pii/S0166361518301647"">https://www.sciencedirect.com/science/article/pii/S0166361518301647</a>"
Product Service System (PSS) Ontology,"<a href=""https://www.diversity-project.eu/wp-content/uploads/2017/07/Ontology-for-Colaborative-Development-of-Product-Service-Systems-Based-on-Basic-Formal-Ontology.pdf"">https://www.diversity-project.eu/wp-content/uploads/2017/07/Ontology-for-Colaborative-Development-of-Product-Service-Systems-Based-on-Basic-Formal-Ontology.pdf</a>"
Proper Name Ontology (PNO),"<a href=""https://code.google.com/p/proper-name-ontology"">https://code.google.com/p/proper-name-ontology</a>"
Protein Ontology (PRO),"<a href=""http://obofoundry.org/ontology/pr.html"">http://obofoundry.org/ontology/pr.html</a>"
Protein-Ligand Interaction Ontology (PLIO),"<a href=""http://www.ncbi.nlm.nih.gov/pmc/articles/PMC3106195"">http://www.ncbi.nlm.nih.gov/pmc/articles/PMC3106195</a>"
Provenir ontology for provenance modeling,"<a href=""http://cci.case.edu/cci/images/a/aa/Janus.pdf"">http://cci.case.edu/cci/images/a/aa/Janus.pdf</a>"
Public Safety and Emergency Management (PS/EM) Communications Ontology,"<a href=""https://www.ida.org/-/media/feature/publications/p/pu/public-safety-and-emergency-management-communications-ontology/d-8583.ashx"">https://www.ida.org/-/media/feature/publications/p/pu/public-safety-and-emergency-management-communications-ontology/d-8583.ashx</a>"
QROWD urban traffic and mobility ontology,"<a href=""http://qrowd-project.trackglobe.es/wp-content/uploads/2019/11/D4.3-Linked-Data-Generation.docx.pdf"">http://qrowd-project.trackglobe.es/wp-content/uploads/2019/11/D4.3-Linked-Data-Generation.docx.pdf</a>"
Qualitative Spatiotemporal Reasoning Unit,"<a href=""http://org.buffalo.edu/rarp/QSRUnit%20Page.html"">http://org.buffalo.edu/rarp/QSRUnit%20Page.html</a>"
Quality of Service (QoS) Ontology,"<a href=""http://www.waset.org/publications/10000168"">http://www.waset.org/publications/10000168</a>"
REMINE,"<a href=""http://www.ramit.be/index.cfm?objectid=D06D28B6-1143-DEB7-74B2690FF1EC5110"">http://www.ramit.be/index.cfm?objectid=D06D28B6-1143-DEB7-74B2690FF1EC5110</a>"
RFID System Configuration Ontology (RFID SCO),"<a href=""https://doi.org/10.1017/S0269888921000096"">https://doi.org/10.1017/S0269888921000096</a>"
RNA Ontology (RnaO),"<a href=""http://obofoundry.org/ontology/rnao.html"">http://obofoundry.org/ontology/rnao.html</a>"
ROMAIN industrial maintenance ontology,"<a href=""https://www.researchgate.net/publication/332390146_ROMAIN_Towards_a_BFO_compliant_reference_ontology_for_industrial_maintenance"">https://www.researchgate.net/publication/332390146_ROMAIN_Towards_a_BFO_compliant_reference_ontology_for_industrial_maintenance</a>"
Referent Tracking Unit,"<a href=""http://org.buffalo.edu/RTU/index.html"">http://org.buffalo.edu/RTU/index.html</a>"
Relations Ontology (RO),"<a href=""http://www.obofoundry.org/ontology/ro.html"">http://www.obofoundry.org/ontology/ro.html</a>"
Reliability Assessment for Assembly Stations (RAAS) Ontology,"<a href=""https://infoscience.epfl.ch/record/265908/files/"">https://infoscience.epfl.ch/record/265908/files/</a>"
Rescue Ontology (ResOnt),"<a href=""https://www.researchgate.net/profile/Samer-Chehade-2/publication/353571839"">https://www.researchgate.net/profile/Samer-Chehade-2/publication/353571839</a>"
Rock Plastic Deformation (RPD) ontology,"<a href=""http://www.sciencedirect.com/science/article/pii/S0098300416308482"">http://www.sciencedirect.com/science/article/pii/S0098300416308482</a>"
Role Ontology (ROLEO),"<a href=""https://bioportal.bioontology.org/ontologies/ROLEO"">https://bioportal.bioontology.org/ontologies/ROLEO</a>"
SAIC,"<a href=""www.saic.com/"">www.saic.com/</a>"
SMART Protocols,"<a href=""http://vocab.linkeddata.es/SMARTProtocols"">http://vocab.linkeddata.es/SMARTProtocols</a>"
SMART Protocols,"<a href=""http://www.swat4ls.org/wp-content/uploads/2015/10/SWAT4LS_2015_paper_15.pdf"">http://www.swat4ls.org/wp-content/uploads/2015/10/SWAT4LS_2015_paper_15.pdf</a>"
SNOMED CT (SCT) Standard Ontology,"<a href=""https://bmcmedinformdecismak.biomedcentral.com/articles/10.1186/s12911-018-0651-5"">https://bmcmedinformdecismak.biomedcentral.com/articles/10.1186/s12911-018-0651-5</a>"
STATO-LMM Linear Mixed Model Ontology,"<a href=""https://www.nature.com/articles/s41597-020-0409-7"">https://www.nature.com/articles/s41597-020-0409-7</a>"
Saitama University - Faculty of Liberal Arts,"<a href=""http://www.saitama-u.ac.jp/"">http://www.saitama-u.ac.jp/</a>"
Saliva Ontology (SALO),"<a href=""http://code.google.com/p/bodily/source/browse/trunk/src/ontology/salo.owl"">http://code.google.com/p/bodily/source/browse/trunk/src/ontology/salo.owl</a>"
Schistosomiasis Process Ontology (IDOSCHISTO),"<a href=""http://ceur-ws.org/Vol-1747/IP01_ICBO2016.pdf"">http://ceur-ws.org/Vol-1747/IP01_ICBO2016.pdf</a>"
Science Applications International Corporation (SAIC),"<a href=""https://www.saic.com"">https://www.saic.com</a>"
Science Commons,"<a href=""http://www.sciencecommons.org/"">http://www.sciencecommons.org/</a>"
Scientific Evidence and Provenance Information Ontology (SEPIO),"<a href=""http://ceur-ws.org/Vol-1747/IT605_ICBO2016.pdf"">http://ceur-ws.org/Vol-1747/IT605_ICBO2016.pdf</a>"
Securboration,"<a href=""http://www.securboration.com/"">http://www.securboration.com/</a>"
Semantic Electronic Health Record (SEHR) Model,"<a href=""http://www.linked2safety-project.eu/node/44"">http://www.linked2safety-project.eu/node/44</a>"
Semantic LAminated Composites Knowledge management System (SLACKS),"<a href=""http://dl.acm.org/citation.cfm?id=2580238"">http://dl.acm.org/citation.cfm?id=2580238</a>"
Semantic Reference Model for Individualization of Information Processes,"<a href=""https://www.mdpi.com/2079-9292/10/20/2523"">https://www.mdpi.com/2079-9292/10/20/2523</a>"
Semantic Systems Engineering Ontology (SESO),"<a href=""https://indico.esa.int/event/386/contributions/6243/attachments/4281/6391/1435%20-%20using%20semantic%20systems%20engineering%20techniques%20to%20verify%20the%20large%20aperture%20space%20telescope%20mission%20%E2%80%93%20current%20status.pdf"">https://indico.esa.int/event/386/contributions/6243/attachments/4281/6391/1435%20-%20using%20semantic%20systems%20engineering%20techniques%20to%20verify%20the%20large%20aperture%20space%20telescope%20mission%20%E2%80%93%20current%20status.pdf</a>"
Semanticscience Integrated Ontology (SIO),"<a href=""http://code.google.com/p/semanticscience/wiki/SIO"">http://code.google.com/p/semanticscience/wiki/SIO</a>"
Senselab Ontology,"<a href=""http://www.ncbi.nlm.nih.gov/pubmed/20006477"">http://www.ncbi.nlm.nih.gov/pubmed/20006477</a>"
Sentinel: Platform for Semantic Enrichment of Social Media Streams,"<a href=""http://ieeexplore.ieee.org/document/8232468/"">http://ieeexplore.ieee.org/document/8232468/</a>"
Sequence Ontology (SO),"<a href=""http://obofoundry.org/ontology/so.html"">http://obofoundry.org/ontology/so.html</a>"
Shop-Floor Digital Twin (DT) ontology,"<a href=""http://ceur-ws.org/Vol-2615/paper5.pdf"">http://ceur-ws.org/Vol-2615/paper5.pdf</a>"
Situated and Interactive Multimodal Conversations,"<a href=""https://arxiv.org/pdf/2006.01460.pdf"">https://arxiv.org/pdf/2006.01460.pdf </a>"
Situation Awareness Ontology (SAO),"<a href=""http://link.springer.com/article/10.1007/s10489-016-0834-7"">http://link.springer.com/article/10.1007/s10489-016-0834-7</a>"
Skeletome,"<a href=""http://itee.uq.edu.au/~eresearch/projects/skeletome"">http://itee.uq.edu.au/~eresearch/projects/skeletome</a>"
Sketch Map Ontology,"<a href=""https://www.tandfonline.com/doi/abs/10.1080/13658816.2017.1309043?journalCode=tgis20"">https://www.tandfonline.com/doi/abs/10.1080/13658816.2017.1309043?journalCode=tgis20</a>"
Skin Physiology Ontology (SPO),"<a href=""https://bioportal.bioontology.org/ontologies/SPO"">https://bioportal.bioontology.org/ontologies/SPO</a>"
Sleep Domain Ontology (SDO),"<a href=""http://bimib.disco.unimib.it/images/7/7c/SSFW09_Arabandi_SleepOntology.pdf"">http://bimib.disco.unimib.it/images/7/7c/SSFW09_Arabandi_SleepOntology.pdf</a>"
Smart Ultrasound in Obstetrics and Gynecology (SUOG) Ontology,"<a href=""https://icbo2021.inf.unibz.it/wp-content/uploads/2021/09/169_S1_ElGhosh_paper_8.pdf"">https://icbo2021.inf.unibz.it/wp-content/uploads/2021/09/169_S1_ElGhosh_paper_8.pdf</a>"
Social Psychology Ontology (SPO),"<a href=""https://ubir.buffalo.edu/xmlui/handle/10477/79440"">https://ubir.buffalo.edu/xmlui/handle/10477/79440</a>"
Software Ontology (SWO),"<a href=""http://jbiomedsem.biomedcentral.com/articles/10.1186/2041-1480-5-25"">http://jbiomedsem.biomedcentral.com/articles/10.1186/2041-1480-5-25</a>"
"Software, Disabilities and Competences Ontology (SODIC)","<a href=""http://dspace.ucuenca.edu.ec/bitstream/123456789/28548/1/Trabajo%20de%20Titulaci%C3%B3n.pdf"">http://dspace.ucuenca.edu.ec/bitstream/123456789/28548/1/Trabajo%20de%20Titulaci%C3%B3n.pdf</a>"
Space Domain Ontologies (SDO),"<a href=""https://philpapers.org/rec/COXTSD-2"">https://philpapers.org/rec/COXTSD-2</a>"
Space Object Ontology (SOO),"<a href=""https://ieeexplore.ieee.org/document/7527882"">https://ieeexplore.ieee.org/document/7527882</a>"
Spatial Graph Adapter (SGA) Ontology Design Pattern,"<a href=""http://www.semantic-web-journal.net/system/files/swj1582.pdf"">http://www.semantic-web-journal.net/system/files/swj1582.pdf</a>"
Spatial Relation Ontology,"<a href=""http://ceur-ws.org/Vol-2728/paper3.pdf"">http://ceur-ws.org/Vol-2728/paper3.pdf</a>"
Spatiotemporal Ontology for the Administrative Units of Switzerland (SONADUS),"<a href=""http://www.geo.uzh.ch/dam/jcr:6c3c9ef3-6bcd-4300-86e4-9de07d3f6f37/msc_felix_gantner_2011.pdf"">http://www.geo.uzh.ch/dam/jcr:6c3c9ef3-6bcd-4300-86e4-9de07d3f6f37/msc_felix_gantner_2011.pdf</a>"
Special Nuclear Materials Detection Ontology (SNM-DO),"<a href=""http://ceur-ws.org/Vol-808/STIDS2011_CR_P2_WardEtAl.pdf"">http://ceur-ws.org/Vol-808/STIDS2011_CR_P2_WardEtAl.pdf</a>"
Statistics Ontology (STATO),"<a href=""http://obofoundry.org/ontology/stato.html"">http://obofoundry.org/ontology/stato.html</a>"
Subcellular Anatomy Ontology (SAO),"<a href=""http://obofoundry.org/ontology/sao.html"">http://obofoundry.org/ontology/sao.html</a>"
Suggested Ontology for Pharmacogenomics (SO-Pharm),"<a href=""http://obofoundry.org/ontology/sopharm.html"">http://obofoundry.org/ontology/sopharm.html</a>"
Supply Chain Traceability Ontology,"<a href=""https://asmedigitalcollection.asme.org/computingengineering/article-abstract/22/5/051002/1139465/Enabling-Traceability-in-Agri-Food-Supply-Chains"">https://asmedigitalcollection.asme.org/computingengineering/article-abstract/22/5/051002/1139465/Enabling-Traceability-in-Agri-Food-Supply-Chains</a>"
Surface Water Ontology (SWO),"<a href=""https://www.usgs.gov/media/files/surface-water-ontology"">https://www.usgs.gov/media/files/surface-water-ontology</a>"
Survey Ontology,"<a href=""https://www.scitepress.org/papers/2017/65827/65827.pdf"">https://www.scitepress.org/papers/2017/65827/65827.pdf</a>"
TRADOC Operational Environment Center,"<a href=""www.tradoc.army.mil/g2/oetsc/videoTBOC_flv.aspx"">www.tradoc.army.mil/g2/oetsc/videoTBOC_flv.aspx</a>"
Taxonomy for Rehabilitation of Knee Conditions (TRAK),"<a href=""http://users.cs.cf.ac.uk/I.Spasic/trak"">http://users.cs.cf.ac.uk/I.Spasic/trak</a>"
The Common Rule Ontology (CRO),"<a href=""https://github.com/CRO-ontology/CRO"">https://github.com/CRO-ontology/CRO</a>"
The Trope Ontology,"<a href=""https://www.mdpi.com/2409-9287/4/3/40"">https://www.mdpi.com/2409-9287/4/3/40</a>"
Thermo Fisher Scientific,"<a href=""https://www.thermofisher.com/us/en/home.html"">https://www.thermofisher.com/us/en/home.html</a>"
Time Event Ontology (TEO),"<a href=""https://bioportal.bioontology.org/ontologies/TEO"">https://bioportal.bioontology.org/ontologies/TEO</a>"
Toxic Process Ontology (TXPO),"<a href=""http://www.obofoundry.org/ontology/txpo.html"">http://www.obofoundry.org/ontology/txpo.html</a>"
Trade-Space Analysis Tool for Constellations (TAT-C) ontology,"<a href=""https://arc.aiaa.org/doi/abs/10.2514/6.2019-1032"">https://arc.aiaa.org/doi/abs/10.2514/6.2019-1032</a>"
Traditional Chinese Drugs Ontology (TCDO),"<a href=""https://www.hindawi.com/journals/ecam/2021/6637810/"">https://www.hindawi.com/journals/ecam/2021/6637810/</a>"
Translational Medicine Ontology (TMO),"<a href=""http://esw.w3.org/topic/HCLSIG/PharmaOntology"">http://esw.w3.org/topic/HCLSIG/PharmaOntology</a>"
Transportation System Ontology,"<a href=""http://www.ontobee.org/ontology/TSO"">http://www.ontobee.org/ontology/TSO</a>"
Tumour-Node-Metastasis Ontology (TNM-O),"<a href=""https://jbiomedsem.biomedcentral.com/articles/10.1186/s13326-016-0106-9"">https://jbiomedsem.biomedcentral.com/articles/10.1186/s13326-016-0106-9</a>"
U.S. Geological Survey (USGS) - Center of Excellence for Geospatial Information Science (CEGIS),"<a href=""http://cegis.usgs.gov/ontology.html"">http://cegis.usgs.gov/ontology.html</a>"
UMass Engineering Core Ontologies,"<a href=""https://www.mdpi.com/2079-8954/6/4/46/pdf"">https://www.mdpi.com/2079-8954/6/4/46/pdf</a>"
United Nations SDG (Sustainable Development Goals) Ontology Framework,"<a href=""https://iswc2017.ai.wu.ac.at/wp-content/uploads/papers/MainProceedings/179.pdf"">https://iswc2017.ai.wu.ac.at/wp-content/uploads/papers/MainProceedings/179.pdf</a>"
United Nations System Document Ontology (ONTO-UNDO),"<a href=""https://unsceb-hlcm.github.io/onto-undo/"">https://unsceb-hlcm.github.io/onto-undo/</a>"
Universal Core Semantic Layer,"<a href=""http://sunsite.informatik.rwth-aachen.de/Publications/CEUR-WS/Vol-555/paper5.pdf"">http://sunsite.informatik.rwth-aachen.de/Publications/CEUR-WS/Vol-555/paper5.pdf</a>"
"University of Arkansas, Biomedical Informatics, Medical Center, Little Rock","<a href=""http://www.uams.edu/cctr/infocore/infocore.asp"">http://www.uams.edu/cctr/infocore/infocore.asp</a>"
University of Augsburg - Computer Science - Software Methodologies for Distributed Systems,"<a href=""http://www.informatik.uni-augsburg.de/en/chairs/swt/ds"">http://www.informatik.uni-augsburg.de/en/chairs/swt/ds</a>"
University of South Alabama - School of Computing - South Biomedical Informatics (SBI) Research Group,"<a href=""http://biomedical.cis.usouthal.edu/"">http://biomedical.cis.usouthal.edu/</a>"
University of Texas Southwestern Medical Center,"<a href=""http://www.utsouthwestern.edu/"">http://www.utsouthwestern.edu/</a>"
University of Washington - Structural Informatics Group (SIG),"<a href=""http://sig.biostr.washington.edu/"">http://sig.biostr.washington.edu/</a>"
VIVO,"<a href=""http://vivoweb.org/"">http://vivoweb.org/</a>"
VIVO Ontology,"<a href=""https://openreview.net/forum?id=SkgyVa-coV"">https://openreview.net/forum?id=SkgyVa-coV</a>"
Vaccination Informed Consent Ontology (VICO),"<a href=""http://jbiomedsem.biomedcentral.com/articles/10.1186/s13326-016-0062-4"">http://jbiomedsem.biomedcentral.com/articles/10.1186/s13326-016-0062-4</a>"
Vaccine Ontology (VO),"<a href=""http://obofoundry.org/ontology/vo.html"">http://obofoundry.org/ontology/vo.html</a>"
Value Stream Mapping (VSM) Ontology,"<a href=""https://era.library.ualberta.ca/items/5ad997be-0f3d-4456-8108-b3c69d851a98/view/060e801a-92a5-44ac-ba8a-0a00ab22765e/Abdelghani_Mohammad_202101_PhD.pdf"">https://era.library.ualberta.ca/items/5ad997be-0f3d-4456-8108-b3c69d851a98/view/060e801a-92a5-44ac-ba8a-0a00ab22765e/Abdelghani_Mohammad_202101_PhD.pdf</a>"
Virus Pathogen Resource (ViPR),"<a href=""http://www.viprbrc.org/brc/home.do?decorator=vipr"">http://www.viprbrc.org/brc/home.do?decorator=vipr</a>"
Visualized Emotion Ontology (VEO),"<a href=""https://bmcmedinformdecismak.biomedcentral.com/articles/10.1186/s12911-018-0634-6"">https://bmcmedinformdecismak.biomedcentral.com/articles/10.1186/s12911-018-0634-6</a>"
Vital Sign Ontology (VSO),"<a href=""http://ontology.buffalo.edu/smith/articles/Vital_Sign_Ontology.pdf"">http://ontology.buffalo.edu/smith/articles/Vital_Sign_Ontology.pdf</a>"
Volcanism Ontology (VO),"<a href=""https://scholarworks.gsu.edu/cgi/viewcontent.cgi?article=1124&context=geosciences_theses"">https://scholarworks.gsu.edu/cgi/viewcontent.cgi?article=1124&context=geosciences_theses</a>"
Volcanism Ontology (VO),"<a href=""https://scholarworks.gsu.edu/cgi/viewcontent.cgi?article=1124&context=geosciences_theses"">https://scholarworks.gsu.edu/cgi/viewcontent.cgi?article=1124&context=geosciences_theses</a>"
Volley: AI-powered learning hub,"<a href=""http://volley.com/"">http://volley.com/</a>"
Xenopus Anatomy Ontology (XAO),"<a href=""http://obofoundry.org/ontology/xao.html"">http://obofoundry.org/ontology/xao.html</a>"
Xenopus Phenotype Ontology (XPO),"<a href=""https://www.biorxiv.org/content/biorxiv/early/2021/11/13/2021.11.12.467727.full.pdf"">https://www.biorxiv.org/content/biorxiv/early/2021/11/13/2021.11.12.467727.full.pdf</a>"
ZEMELA Intelligent Agriculture Platform,"<a href=""https://ieeexplore.ieee.org/abstract/document/9627248"">https://ieeexplore.ieee.org/abstract/document/9627248</a>"
eNanoMapper,"<a href=""http://www.enanomapper.net/"">http://www.enanomapper.net/</a>"
eXtended Formal Ontology (XFO),"<a href=""https://www.researchgate.net/profile/Robert_Allen5/publication/325141757_XFO_Toward_Programming_Rich_Semantic_Models/links/5afa473d458515c00b6bd24f/XFO-Toward-Programming-Rich-Semantic-Models.pdf?origin=publication_detail"">https://www.researchgate.net/profile/Robert_Allen5/publication/325141757_XFO_Toward_Programming_Rich_Semantic_Models/links/5afa473d458515c00b6bd24f/XFO-Toward-Programming-Rich-Semantic-Models.pdf?origin=publication_detail</a>"
eagle-i Research Resource Ontology,"<a href=""http://obofoundry.org/ontology/ero.html"">http://obofoundry.org/ontology/ero.html</a>"
libryo,"<a href=""https://libryo.com/"">https://libryo.com/</a>"
miRNAO,"<a href=""http://iwbbio.ugr.es/2014/papers/IWBBIO_2014_paper_103.pdf"">http://iwbbio.ugr.es/2014/papers/IWBBIO_2014_paper_103.pdf</a>"
openEHR,"<a href=""http://www.openehr.org/wiki/display/ontol/Ontologies+Home"">http://www.openehr.org/wiki/display/ontol/Ontologies+Home</a>"
uc_Eating,"<a href=""https://github.com/IC-FOODS/uc_Eating"">https://github.com/IC-FOODS/uc_Eating</a>"
uc_FoodDrugInteractionOntology,"<a href=""https://github.com/IC-FOODS/uc_FoodDrugInteractionOntology"">https://github.com/IC-FOODS/uc_FoodDrugInteractionOntology</a>"
uc_Milk,"<a href=""https://github.com/IC-FOODS/uc_Milk"">https://github.com/IC-FOODS/uc_Milk</a>"
uc_Processing,"<a href=""https://github.com/IC-FOODS/uc_Processing"">https://github.com/IC-FOODS/uc_Processing</a>"
uc_Sense,"<a href=""https://github.com/IC-FOODS/uc_Sense"">https://github.com/IC-FOODS/uc_Sense</a>"
yOWL,"<a href=""http://www2007.org/workshops/paper_130.pdf"">http://www2007.org/workshops/paper_130.pdf</a>"
